{
  "Australia": 508.20713582273333,
  "Brazil": 503.9518058329995,
  "Canada": 511.42324096385676,
  "France": 506.0392478770734,
  "Germany": 494.5682724774233,
  "India": 492.242522954092,
  "Japan": 494.8207163207167,
  "Mexico": 496.48785800240597,
  "UK": 496.06507330247,
  "USA": 501.35759089093176
}